{
    "x": [
        -0.45874083129584353,
        -0.341238793806031,
        -0.22856560717196414,
        -0.10945395273023635,
        0,
        0.10462510187449063,
        0.20120211898940507,
        0.17544824775876122,
        0.07726161369193155,
        -0.017705786471067644,
        -0.12555012224938875,
        -0.10462510187449063,
        0.049898125509372455,
        0.13198859005704972,
        0.13681744091279543,
        0.10623471882640587,
        -0.059555827220863895,
        -0.28490220048899756,
        -0.3541157294213529,
        -0.45391198044009784,
        -0.45874083129584353,
        -0.45391198044009784,
        -0.3669926650366748,
        -0.2655867970660147,
        -0.2897310513447433
    ],
    "y": [
        0.05862068965517241,
        0.1,
        0.1396551724137931,
        0.1810344827586207,
        0.23103448275862068,
        0.2672413793103448,
        0.3120689655172414,
        0.14310344827586208,
        0.11896551724137931,
        0.07413793103448275,
        0.034482758620689655,
        -0.1706896551724138,
        -0.1310344827586207,
        -0.04655172413793104,
        0.041379310344827586,
        -0.19482758620689655,
        -0.22758620689655173,
        -0.1810344827586207,
        -0.2982758620689655,
        -0.2293103448275862,
        -0.32241379310344825,
        -0.08275862068965517,
        -0.09137931034482759,
        -0.056896551724137934,
        -0.008620689655172414
    ],
    "Emplacement":
    [
        7,
        6,
        5,
        4,
        3,
        2,
        1,
        15,
        14,
        13,
        12,
        19,
        18,
        17,
        16,
        25,
        24,
        20,
        23,
        21,
        22,
        8,
        9,
        10,
        11
    ]
}